Workbook

Sheet PAGE 1
A2: P-7 | I2: TAUNANG ULAT UKOL SA IMBENTARYO | BS2: YEAR
I3: (ANNUAL INVENTORY REPORT) | BS3: 2 0 2 4
A5: Lokal: | F5: Balayan | AA5: Distrito: | AF5: Batangas | BA5: Petsa ng Pag-uulat: | BK5: 45733
BA6: Dcode: | BE6: 1009 | BN6: Lcode: | BR6: 003
A7: 1. UKOL SA MGA GUSALI:
A8: A. KAPILYA
A9: Class | G9: Concrete (A-3) | R9: ( | S9: ⁄ | T9: ) | V9: Handog | AF9: Petsa ng Ihandog: | AO9: Abril 29, 1989 | BD9: Original na Halaga ng Kapilya
A10: S. Cap. | G10: 300 | R10: ( | T10: ) | V10: Di-Handog | AF10: Petsa ng Mayari: | AO10: Abril 1989 | BD10: ₱ | BG10: 1897535.5
A11: PAGAWA NG: | M11: ( | N11: ⁄ | O11: ) | Q11: Central | X11: ( | Z11: ) | AB11: Distrito | AJ11: ( | AL11: ) | AN11: Lokal | AU11: ( | AW11: ) | AY11: Iba pa , specify:
A12: 1. | D12: Kabuuang Halaga ng Kapilya ayon sa ulat ng nakaraang taon | BD12: ₱ | BG12: =+BG10 -> 1897535.5
A13: 2. | D13: NADAGDAG sa taong ito::
F14: Construction | X14: ₱
F15: Renovation
F16: General Repair
F17: Iba Pa
F18: KABUUAN NG NADAGDAG | AP18: ₱ | AR18: Wala po
A19: 3 | D19: NABAWAS sa taong ito (Anong bahagi ang nasira o nabawas? | AP19: ₱ | AR19: Wala po
A21: KABUUANG HALAGA NG KAPILYA SA TAONG ITO | BD21: ₱ | BG21: =+BG12 -> 1897535.5 | CA21: =+BG21 -> 1897535.5
A22: PANSIN:
A24: B. PASTORAL & RES. HOUSES:
D25: RESIDENSIYA / PASTORAL | W25: CLASS | AC25: PETSA | AI25: DATING | AT25: NADAGDAG SA | BE25: NABAWAS SA | BP25: KABUUAN
D26: HOUSE AT IBA PA | AC26: MAYARI | AI26: HALAGA | AT26: TAONG ITO | BE26: TAONG ITO
D27: Pastoral House at | W27: (A-PH)
D28: Bahay ng Bantay Kapilya | AC28: 32627 | AI28: ₱ | AK28: 288611.12 | AT28: Wala po | BE28: Wala po | BP28: =+AI28 -> ₱ | BR28: =+AK28 -> 288611.12
A32: KABUUANG HALAGA NG PASTORAL HOUSE AT IBA PANG RESIDENSIYA | BE32: =+BP28 -> ₱ | BR32: =+BR28 -> 288611.12 | CA32: =+BR32 -> 288611.12
A33: C. OPISINA:
D34: MGA OPISINA NG LOKAL | W34: CLASS | AC34: PETSA | AI34: DATING | AT34: NADAGDAG SA | BE34: NABAWAS SA | BP34: KABUUAN
D35: (BUKOD NA GUSALI) | AC35: MAYARI | AI35: HALAGA | AT35: TAONG ITO | BE35: TAONG ITO
D36: Opisina (Ministerial, | W36: CON.
D37: Pananalapi, Kalihiman) | W37: (ADL-1) | AC37: 32627 | AI37: ₱ | AK37: 125874.82 | AT37: Wala po | BE37: Wala po | BP37: =+AI37 -> ₱ | BR37: =+AK37 -> 125874.82
A39: KABUUANG HALAGA NG MGA OPISINA SA TAONG ITO | BE39: =+BE32 -> ₱ | BR39: =+BR37 -> 125874.82 | CA39: =+BR39 -> 125874.82
A40: D. IBA PANG MGA GUSALI:
D41: IBA PANG MGA GUSALI | W41: CLASS | AC41: PETSA | AI41: DATING | AT41: NADAGDAG SA | BE41: NABAWAS SA | BP41: KABUUAN
AI42: HALAGA | AT42: TAONG ITO | BE42: TAONG ITO
D43: Pump House | W43: (APH-1) | AC43: 32627 | AI43: ₱ | AK43: 114267.69 | AT43: Wala po | BE43: Wala po | BP43: =+AI43 -> ₱ | BR43: =+AK43 -> 114267.69
D44: Guard House | AC44: 32627 | AI44: ₱ | AK44: 12004.8 | AT44: Wala po | BE44: Wala po | BP44: =+AI44 -> ₱ | BR44: =+AK44 -> 12004.8
A46: KABUUANG HALAGA NG IBA PANG MGA GUSALI SA TAONG ITO | BE46: =+BE39 -> ₱ | BR46: =+BR43+BR44+BR45 -> 126272.49 | CA46: =+BR46 -> 126272.49
A48: KABUUANG HALAGA NG MGA GUSALI SA TAONG ITO | BE48: ₱ | BH48: =+BG21+BR32+BR39+BR46 -> 2438293.9 | CA48: =+BH48 -> 2438293.9
BH49: Page 1

Sheet PAGE 2
A2: Taunang ulat ukol sa Imbentaryo (P-7)
A3: Lokal: | G3: Balayan | AF3: Distrito: | AM3: Batangas | BU3: Dcode: | CA3: 1009 | CJ3: Lcode: | CP3: 003 | DG3: Year: | DM3: 2024
A5: II-A. Mga kagamitan ng lokal ayon sa ulat ng nakaraang taon: (Tiyakin na ang lahat ng dati ng kagamitan na nasa ulat ng nakaraang taon ay nakatala sa bahaging ito ng ayon sa bawat dakong kinaroroonan ng mga ito. Huwag itala
A6: sa bahaging ito ang mga kagamitang hindi naisama sa ulat ng nakaraang taon at ang mga nadagdag sa taong ito.)
V8: Date | AW8: D E S C R I P T I O N
A9: Kaukulan | N9: IIN | V9: Received | AB9: Qty | AG9: Items | AW9: Brand | BE9: Model | BM9: Make | BU9: Color | CC9: Size | CK9: Serial# | CS9: Unit Price | DA9: Amount | DJ9: Remarks
A10: Kapilya | N10: 01-0001-02 | V10: 1988 | AB10: 2 | AG10: Benches | BM10: Wooden | BU10: Brown | CC10: .90x4.00m. | CS10: ₱ | CU10: 1605.3 | DA10: ₱ | DC10: =+AB10*CU10 -> 3210.6 | DJ10: Maayos po.
A11: Koro | N11: 01-0003-04 | V11: 1988 | AB11: 2 | AG11: Benches | BM11: Wooden | BU11: Brown | CC11: .90x2.00m. | CS11: ₱ | CU11: 1070 | DA11: ₱ | DC11: =+AB11*CU11 -> 2140 | DJ11: Maayos po.
N12: 01-0005 | V12: 1988 | AB12: 1 | AG12: Numero ng Awit with Stand | BM12: Wooden | BU12: Brown | CS12: ₱ | CU12: 3949.4 | DA12: ₱ | DC12: =+AB12*CU12 -> 3949.4 | DJ12: Luma na po.
N13: 01-0006 | V13: 35547 | AB13: 1 | AG13: Organ | AW13: Yamaha | BE13: EL-15 F | BM13: Wooden | BU13: Brown | CK13: 1902460 | CS13: ₱ | CU13: 73500 | DA13: ₱ | DC13: =+AB13*CU13 -> 73500 | DJ13: Maayos po.
N14: 01-0007 | V14: 35547 | AB14: 1 | AG14: Stool (Organ) | AW14: (Kasama sa halaga ng Organ) | CS14: ₱ | CU14: 0 | DA14: ₱ | DC14: =+AB14*CU14 -> 0 | DJ14: Maayos po.
N15: 01-0008 | V15: 1999 | AB15: 1 | AG15: Digital Hymn Number Control | BM15: Glass | BU15: Black | CS15: ₱ | CU15: 10500 | DA15: ₱ | DC15: =+AB15*CU15 -> 10500 | DJ15: Maayos po.
N16: 01-0009 | V16: 37759 | AB16: 1 | AG16: Wall Fan | AW16: KDK | BE16: W4OY-BW | BM16: Plastic | BU16: Blue | CK16: 322109129 | CS16: ₱ | CU16: 1370 | DA16: ₱ | DC16: =+AB16*CU16 -> 1370 | DJ16: Maayos po.
N17: 01-0010 | V17: 37759 | AB17: 1 | AG17: Wall Fan | AW17: KDK | BE17: W4OY-BW | BM17: Plastic | BU17: Blue | CC17: Std. | CK17: 312408725 | CS17: ₱ | CU17: 1370 | DA17: ₱ | DC17: =+AB17*CU17 -> 1370 | DJ17: Maayos po.
N18: 01-0011 | V18: 39517 | AB18: 1 | AG18: Organ | AW18: Yamaha | BE18: EL-500 | BM18: Wooden | BU18: Black | CC18: (Hiningi sa lokal ng Batangas City) | CK18: 601665 | CS18: ₱ | CU18: 320500 | DA18: ₱ | DC18: =+AB18*CU18 -> 320500 | DJ18: Maayos po.
N19: 01-0012 | V19: 39517 | AB19: 1 | AG19: Organ Chair | BM19: Wooden / Foam | BU19: Black | CS19: ₱ | CU19: 0 | DA19: ₱ | DC19: =+AB19*CU19 -> 0 | DJ19: Maayos po.
A20: Kapilya | N20: 02-0001-05 | V20: 1988 | AB20: 5 | AG20: Tribunal Chair | BM20: Wooden | BU20: Beige | CS20: ₱ | CU20: 1590 | DA20: ₱ | DC20: =+AB20*CU20 -> 7950 | DJ20: Maayos po.
A21: Koro | N21: 02-0007-08 | V21: 1988 | AB21: 2 | AG21: Microphone with Gooseneck | BM21: Metal | BU21: Black | CS21: ₱ | CU21: 1275 | DA21: ₱ | DC21: =+AB21*CU21 -> 2550 | DJ21: Maayos po.
N22: 02-0009 | V22: 34133 | AB22: 1 | AG22: Bible (MB) | BU22: Maroon | CS22: ₱ | CU22: 150 | DA22: ₱ | DC22: =+AB22*CU22 -> 150 | DJ22: Maayos po.
N23: 02-0010 | V23: 1988 | AB23: 1 | AG23: Aklat ng Referencia | BU23: Green | CS23: ₱ | CU23: 30 | DA23: ₱ | DC23: =+AB23*CU23 -> 30 | DJ23: Maayos po.
N24: 02-0011 | V24: 2001 | AB24: 1 | AG24: Bibliya ng Sambayanang Pilipino | BU24: Maroon | CS24: ₱ | CU24: 250 | DA24: ₱ | DC24: =+AB24*CU24 -> 250 | DJ24: Maayos po.
N25: 02-0012 | V25: 2001 | AB25: 1 | AG25: Bibliya-Dating Salin (Tagalog) | BU25: Black | CS25: ₱ | CU25: 250 | DA25: ₱ | DC25: =+AB25*CU25 -> 250 | DJ25: Maayos po.
N26: 02-0014 | V26: 2001 | AB26: 1 | AG26: Bibliya (NPV) | BU26: Blue | CS26: ₱ | CU26: 285 | DA26: ₱ | DC26: =+AB26*CU26 -> 285 | DJ26: Maayos po.
N27: 02-0015 | V27: 37558 | AB27: 1 | AG27: Carpet | BM27: Wool | BU27: Blue-Gray | CC27: 38.43sq.m. | CS27: ₱ | CU27: 21000 | DA27: ₱ | DC27: =+AB27*CU27 -> 21000 | DJ27: Maayos po.
N28: 02-0020 | V28: 37759 | AB28: 1 | AG28: Rota-aire | AW28: KDK | BE28: BF4OAK | BM28: Plastic | BU28: Brown | CC28: Big | CK28: FA2164642 | CS28: ₱ | CU28: 1930 | DA28: ₱ | DC28: =+AB28*CU28 -> 1930 | DJ28: Maayos po.
N29: 02-0021 | V29: Nov. 2004 | AB29: 1 | AG29: Bibliya | BU29: Blue | CS29: ₱ | CU29: 250 | DA29: ₱ | DC29: =+AB29*CU29 -> 250 | DJ29: Maayos po.
N30: 02-0022 | V30: Nov. 2004 | AB30: 1 | AG30: Bibliya | BU30: Maroon | CS30: ₱ | CU30: 250 | DA30: ₱ | DC30: =+AB30*CU30 -> 250 | DJ30: Maayos po.
N31: 02-0023 | V31: Dec. 2004 | AB31: 1 | AG31: Rota-aire | AW31: KDK | BM31: Plastic | BU31: Brown | CC31: Big | CK31: FA2395853 | CS31: ₱ | CU31: 2100 | DA31: ₱ | DC31: =+AB31*CU31 -> 2100 | DJ31: Maayos po.
N32: 02-0024 | V32: 39292 | AB32: 1 | AG32: Vacuum Cleaner | AW32: Turbo | BE32: VacZB300-258 | BM32: Plastic | BU32: Gray | CS32: ₱ | CU32: 2800 | DA32: ₱ | DC32: =+AB32*CU32 -> 2800 | DJ32: Maayos po.
N33: 02-0025-27 | V33: 39383 | AB33: 3 | AG33: Gooseneck Microphones | AW33: SHBOD | BE33: AK-370 | BM33: Metal | BU33: Black | CS33: ₱ | CU33: 2000 | DA33: ₱ | DC33: =+AB33*CU33 -> 6000 | DJ33: Maayos po.
N34: 02-0028 | V34: 39383 | AB34: 1 | AG34: Microphone Stand (Folding Type with Boom) | BM34: Metal | BU34: Black | CS34: ₱ | CU34: 800 | DA34: ₱ | DC34: =+AB34*CU34 -> 800 | DJ34: Maayos po.
N35: 02-0029-37 | V35: 39733 | AB35: 1 | AG35: Cloth Cover of Tribunal Chairs (9 pcs per set) | BM35: Cloth | BU35: Green | CC35: Assorted | CS35: ₱ | CU35: 2000 | DA35: ₱ | DC35: =+AB35*CU35 -> 2000 | DJ35: Maayos po.
DA36: ₱ | DC36: =SUM(DC10:DI35) -> 465135
DJ37: Page 2 | DP37: - 1
A42: Taunang ulat ukol sa Imbentaryo (P-7)
A43: Lokal: | G43: Balayan | AF43: Distrito: | AM43: Batangas | BU43: Dcode: | CA43: 1009 | CJ43: Lcode: | CP43: 003 | DG43: Year: | DM43: 2024
A45: II-A. Mga kagamitan ng lokal ayon sa ulat ng nakaraang taon: (Tiyakin na ang lahat ng dati ng kagamitan na nasa ulat ng nakaraang taon ay nakatala sa bahaging ito ng ayon sa bawat dakong kinaroroonan ng mga ito. Huwag itala
A46: sa bahaging ito ang mga kagamitang hindi naisama sa ulat ng nakaraang taon at ang mga nadagdag sa taong ito.)
V48: Date | AW48: D E S C R I P T I O N
A49: Kaukulan | N49: IIN | V49: Received | AB49: Qty | AG49: Items | AW49: Brand | BE49: Model | BM49: Make | BU49: Color | CC49: Size | CK49: Serial# | CS49: Unit Price | DA49: Amount | DJ49: Remarks
N50: 02-0038 | V50: 40763 | AB50: 1 | AG50: Bible SNB | BU50: Blue | CS50: ₱ | CU50: 25 | DA50: ₱ | DC50: =+AB50*CU50 -> 25 | DJ50: Maayos po.
N51: 02-0039 | V51: 40763 | AB51: 1 | AG51: Bible SND | BU51: Green | CS51: ₱ | CU51: 25 | DA51: ₱ | DC51: =+AB51*CU51 -> 25 | DJ51: Maayos po.
A52: KAPILYA: | N52: 02-0040 | V52: 41147 | AB52: 1 | AG52: Biblia- New Filifino Version | CS52: ₱ | CU52: 650 | DA52: ₱ | DC52: =+AB52*CU52 -> 650 | DJ52: Maayos po.
A53: Tribuna | N53: 02-0041 | V53: 44736 | AB53: 1 | AG53: Laptop | AW53: Acer | BE53: Vero AV15 | BU53: Gray | CK53: NXAYCSP00 320215C8034 | CS53: ₱ | CU53: 37499 | DA53: ₱ | DC53: =+AB53*CU53 -> 37499 | DJ53: II-B-2023
N54: 02-0042 | V54: 44736 | AB54: 1 | AG54: Smart TV | AW54: TCL | CC54: 65" | CK54: 2204ALY177 603000059 | CS54: ₱ | CU54: 34998 | DA54: ₱ | DC54: =+AB54*CU54 -> 34998 | DJ54: II-B-2023
N55: 02-0043 | V55: 44736 | AB55: 1 | AG55: Smart TV | AW55: TCL | CC55: 55" | CK55: 22003ALY176 872L00213 | CS55: ₱ | CU55: 21998 | DA55: ₱ | DC55: =+AB55*CU55 -> 21998 | DJ55: II-B-2023
A56: Mainhall | N56: 03-0001-0028 | V56: 1988 | AB56: 28 | AG56: Benches | BM56: Wooden | BU56: Brown | CC56: .90x3.00m | CS56: ₱ | CU56: 1070 | DA56: ₱ | DC56: =+AB56*CU56 -> 29960 | DJ56: Maayos po.
N57: 03-0033-0037 | V57: 1988 | AB57: 5 | AG57: Wall Fan | AW57: 3D | BM57: Plastic | BU57: Gray (repainted) | CK57: 003-001-005 | CS57: ₱ | CU57: 730 | DA57: ₱ | DC57: =+AB57*CU57 -> 3650 | DJ57: Sira na po.
N58: 03-0038 | V58: 1988 | AB58: 1 | AG58: Offering Chest Table w/ 2 TH Boxes | BM58: Wooden | BU58: Brown | CS58: ₱ | CU58: 3949.4 | DA58: ₱ | DC58: =+AB58*CU58 -> 3949.4 | DJ58: Maayos po.
N59: 03-0039-0065 | V59: 1989 | AB59: 27 | AG59: Supot ng Abuloy | BM59: Cloth | BU59: White | CS59: ₱ | CU59: 50 | DA59: ₱ | DC59: =+AB59*CU59 -> 1350 | DJ59: Maayos po.
N60: 03-0095 | V60: 1988 | AB60: 1 | AG60: Speaker System w/ Plastic Grills (Set) | BM60: Plastic | BU60: White | CS60: ₱ | CU60: 450 | DA60: ₱ | DC60: =+AB60*CU60 -> 450 | DJ60: Maayos po.
N61: 03-0096 | V61: 1988 | AB61: 1 | AG61: Speaker System w/ Plastic Grills (Set) | BM61: Plastic | BU61: White | CS61: ₱ | CU61: 450 | DA61: ₱ | DC61: =+AB61*CU61 -> 450 | DJ61: Maayos po.
N62: 03-0100-0119 | V62: 1988 | AB62: 20 | AG62: Speaker System w/ Plastic Grills (Set) | BM62: Plastic | BU62: White | CS62: ₱ | CU62: 450 | DA62: ₱ | DC62: =+AB62*CU62 -> 9000 | DJ62: Maayos po.
N63: 03-0266 | V63: 35285 | AB63: 1 | AG63: Rest Rum | BM63: Wooden | BU63: Yellow Gold | CS63: ₱ | CU63: 3800 | DA63: ₱ | DC63: =+AB63*CU63 -> 3800 | DJ63: Maayos po.
N64: 03-0267 | V64: 1988 | AB64: 1 | AG64: Wall Clock | AW64: Seiko Quartz | BM64: Wooden | BU64: Blue | CS64: ₱ | CU64: 200 | DA64: ₱ | DC64: =+AB64*CU64 -> 200 | DJ64: Maayos po.
N65: 03-0268-0269 | V65: 1988 | AB65: 2 | AG65: Benches | BM65: Wooden | BU65: Brown | CC65: .90x4.00m | CS65: ₱ | CU65: 1605.3 | DA65: ₱ | DC65: =+AB65*CU65 -> 3210.6 | DJ65: Maayos po.
N66: 03-0270-0271 | V66: 1988 | AB66: 2 | AG66: Speaker System w/ Plastic Grills (Set) | BM66: Plastic | BU66: White | CS66: ₱ | CU66: 450 | DA66: ₱ | DC66: =+AB66*CU66 -> 900 | DJ66: Maayos po.
N67: 03-0272 | V67: 1988 | AB67: 1 | AG67: Kahon ng Abuloy (PNK) | BM67: Wooden | BU67: Yellow Gold | CS67: ₱ | CU67: 150 | DA67: ₱ | DC67: =+AB67*CU67 -> 150 | DJ67: Maayos po.
N68: 03-0392 | V68: 39574 | AB68: 1 | AG68: Emergency Light | AW68: OMNI | BE68: AEL-1009 | BM68: Plastic | BU68: White | CC68: small | CK68: 960006-148196 | CS68: ₱ | CU68: 600 | DA68: ₱ | DC68: =+AB68*CU68 -> 600 | DJ68: Sira na po.
N69: 03-0393 | V69: 39453 | AB69: 1 | AG69: Emergency Light | AW69: OMNI | BE69: AEL-1009 | BM69: Plastic | BU69: White | CC69: small | CK69: 960006-136026 | CS69: ₱ | CU69: 600 | DA69: ₱ | DC69: =+AB69*CU69 -> 600 | DJ69: Sira na po.
N70: 03-0394 | V70: 39453 | AB70: 1 | AG70: Emergency Light | AW70: OMNI | BE70: AEL-1009 | BM70: Plastic | BU70: White | CC70: small | CK70: 960006-123497 | CS70: ₱ | CU70: 600 | DA70: ₱ | DC70: =+AB70*CU70 -> 600 | DJ70: Sira na po.
N71: 03-0395-0434 | V71: 40069 | AB71: 40 | AG71: Supot ng Abuloy | BM71: Cloth | BU71: White | CS71: ₱ | CU71: 100 | DA71: ₱ | DC71: =+AB71*CU71 -> 4000 | DJ71: Maayos po.
N72: 03-0435-0584 | V72: 40725 | AB72: 150 | AG72: Himnario | BU72: Green | CS72: ₱ | CU72: 100 | DA72: ₱ | DC72: =+AB72*CU72 -> 15000 | DJ72: Maayos po.
N73: 03-0585-0647 | V73: 41756 | AB73: 62 | AG73: Stools | AW73: Uratex | BU73: White | CS73: ₱ | CU73: 165 | DA73: ₱ | DC73: =+AB73*CU73 -> 10230 | DJ73: Maayos po.
N74: 03-0648-0650 | V74: 40896 | AB74: 3 | AG74: Chandeliers | AW74: 0.7 x 1.05 | BE74: A.G.A.3 | BM74: Layer, 18 | BU74: Gold | CS74: ₱ | CU74: 60000 | DA74: ₱ | DC74: =+AB74*CU74 -> 180000 | DJ74: Maayos po.
N75: 03-0651-0660 | V75: 40896 | AB75: 10 | AG75: Ceiling Fan 56" | BE75: A56XG | CS75: ₱ | CU75: 2520 | DA75: ₱ | DC75: =+AB75*CU75 -> 25200 | DJ75: Maayos po.
P76: KABUUANG HALAGA NG MGA KAGAMITAN AYON SA ULAT NG NAKARAANG TAON …………. | DA76: ₱ | DC76: =SUM(DC50:DC75) -> 388495
DJ77: Page 2 | DP77: - 2
A82: Taunang ulat ukol sa Imbentaryo (P-7)
A83: Lokal: | G83: Balayan | AF83: Distrito: | AM83: Batangas | BU83: Dcode: | CA83: 1009 | CJ83: Lcode: | CP83: 003 | DG83: Year: | DM83: 2024
A85: II-A. Mga kagamitan ng lokal ayon sa ulat ng nakaraang taon: (Tiyakin na ang lahat ng dati ng kagamitan na nasa ulat ng nakaraang taon ay nakatala sa bahaging ito ng ayon sa bawat dakong kinaroroonan ng mga ito. Huwag itala
A86: sa bahaging ito ang mga kagamitang hindi naisama sa ulat ng nakaraang taon at ang mga nadagdag sa taong ito.)
V88: Date | AW88: D E S C R I P T I O N
A89: Kaukulan | N89: IIN | V89: Received | AB89: Qty | AG89: Items | AW89: Brand | BE89: Model | BM89: Make | BU89: Color | CC89: Size | CK89: Serial# | CS89: Unit Price | DA89: Amount | DJ89: Remarks
N90: 03-0661 | V90: 42646 | AB90: 1 | AG90: Lecturn, PNK MFC | BU90: Cherry | CC90: (17.5 Kg/unit) | CS90: ₱ | CU90: 2858 | DA90: ₱ | DC90: =+AB90*CU90 -> 2858 | DJ90: Maayos po.
N91: 03-0662 | V91: 42834 | AB91: 1 | AG91: Rest Rum | BM91: Wooden | BU91: Brown | CS91: ₱ | CU91: 3428 | DA91: ₱ | DC91: =+AB91*CU91 -> 3428 | DJ91: Maayos po.
N92: 03-0063-0064 | V92: 42885 | AB92: 2 | AG92: Offering Boxes with duple bag (WebEx) | BM92: Wooden | CS92: ₱ | CU92: 3124.5 | DA92: ₱ | DC92: =+AB92*CU92 -> 6249 | DJ92: Maayos po.
N93: 03-0065 | V93: 44095 | AB93: 1 | AG93: Portable Bluetooth Speaker | CS93: ₱ | CU93: 7000 | DA93: ₱ | DC93: =+AB93*CU93 -> 7000 | DJ93: Maayos po.
N94: 03-0066 | V94: 44095 | AB94: 1 | AG94: Web Camera | CS94: ₱ | CU94: 400 | DA94: ₱ | DC94: =+AB94*CU94 -> 400 | DJ94: Maayos po.
N95: 03-0067 | V95: 44095 | AB95: 1 | AG95: Tripod | CS95: ₱ | CU95: 500 | DA95: ₱ | DC95: =+AB95*CU95 -> 500 | DJ95: Maayos po.
N96: 03-0068 | V96: 44095 | AB96: 1 | AG96: Mouse | CS96: ₱ | CU96: 300 | DA96: ₱ | DC96: =+AB96*CU96 -> 300 | DJ96: Maayos po.
A97: Kapilya | N97: 06-0001 | V97: 1988 | AB97: 1 | AG97: Counter Table | BM97: Wooden | BU97: Brown | CC97: 1.4x90x50cm. | CS97: ₱ | CU97: 387.3 | DA97: ₱ | DC97: =+AB97*CU97 -> 387.3 | DJ97: Maayos po.
A98: Lobby | N98: 06-0002 | V98: 36460 | AB98: 1 | AG98: Fire Extiguisher | AW98: OSPREY | BM98: Metal | BU98: Red | CK98: 338426 | CS98: ₱ | CU98: 2995 | DA98: ₱ | DC98: =+AB98*CU98 -> 2995 | DJ98: Maayos po.
N99: 06-0003 | V99: 36460 | AB99: 1 | AG99: Fire Extiguisher | AW99: OSPREY | BM99: Metal | BU99: Red | CK99: 338460 | CS99: ₱ | CU99: 2995 | DA99: ₱ | DC99: =+AB99*CU99 -> 2995 | DJ99: Maayos po.
A100: For Mang-aawit | N100: 06-0004 | V100: 1988 | AB100: 1 | AG100: Organ (Reserba) | AW100: YAMAHA | BE100: ME-100F | BM100: Wooden | BU100: Brown | CK100: 604260 | CS100: ₱ | CU100: 28000 | DA100: ₱ | DC100: =+AB100*CU100 -> 28000 | DJ100: Maayos po.
N101: 06-0005 | V101: 1988 | AB101: 1 | AG101: Stool for Organ | BE101: (Kasama po sa halaga ng Organ)
N102: 06-0006 | V102: 38494 | AB102: 1 | AG102: Bulletin Board | BM102: Aluminum/Glass | CS102: ₱ | CU102: 4050 | DA102: ₱ | DC102: =+AB102*CU102 -> 4050 | DJ102: Maayos po.
N103: 06-0007 | V103: 38540 | AB103: 1 | AG103: Stand Fan | AW103: KDK | BE103: L40A-MR | BM103: Plastic | BU103: Pink | CK103: 162501422 | CS103: ₱ | CU103: 1880 | DA103: ₱ | DC103: =+AB103*CU103 -> 1880 | DJ103: Maayos po.
N104: 06-0008 | V104: 38540 | AB104: 1 | AG104: Stand Fan | AW104: KDK | BE104: L40A-TQ | BM104: Plastic | BU104: Blue | CK104: 182302894 | CS104: ₱ | CU104: 1880 | DA104: ₱ | DC104: =+AB104*CU104 -> 1880 | DJ104: Maayos po.
N105: 06-0009-0010 | V105: 42456 | AB105: 2 | AG105: Fire Extiguisher | AW105: DRY CHEM | CC105: 10 lbs. | CS105: ₱ | CU105: 2350 | DA105: ₱ | DC105: =+AB105*CU105 -> 4700 | DJ105: Maayos po.
A106: Kapilya - Dressing Room
A107: Mang-aawit (M) | N107: 13-0002 | V107: 1988 | AB107: 1 | AG107: Face Mirror | BM107: Glass | CC107: (30x36) | CS107: ₱ | CU107: 881.25 | DA107: ₱ | DC107: =+AB107*CU107 -> 881.25 | DJ107: Maayos po.
A108: Mang-aawit (F) | N108: 14-0001 | V108: 1988 | AB108: 1 | AG108: Face Mirror | BM108: Glass | CC108: (30x36) | CS108: ₱ | CU108: 881.25 | DA108: ₱ | DC108: =+AB108*CU108 -> 881.25 | DJ108: Maayos po.
A109: Diakono | N109: 15-0001 | V109: 1988 | AB109: 1 | AG109: Face Mirror | BM109: Glass | CC109: (30x36) | CS109: ₱ | CU109: 881.25 | DA109: ₱ | DC109: =+AB109*CU109 -> 881.25 | DJ109: Maayos po.
A110: Diakonesa | N110: 16-0001 | V110: 1988 | AB110: 1 | AG110: Face Mirror | BM110: Glass | CC110: (30x36) | CS110: ₱ | CU110: 881.25 | DA110: ₱ | DC110: =+AB110*CU110 -> 881.25 | DJ110: Maayos po.
A111: Kapilya : Restrooms
N112: 21-0001 | V112: 1988 | AB112: 1 | AG112: Face Mirror | BM112: Glass | CC112: (24x30) | CS112: ₱ | CU112: 587.503 | DA112: ₱ | DC112: =+AB112*CU112 -> 587.503 | DJ112: Maayos po.
N113: 22-0001 | V113: 1988 | AB113: 1 | AG113: Face Mirror | BM113: Glass | CC113: (24x30) | CS113: ₱ | CU113: 587.5 | DA113: ₱ | DC113: =+AB113*CU113 -> 587.5 | DJ113: Maayos po.
A114: Kapilya | N114: 23-0005 | V114: 34119 | AB114: 1 | AG114: Caldero #6 | BM114: Metal | BU114: Gray | CS114: ₱ | CU114: 185 | DA114: ₱ | DC114: =+AB114*CU114 -> 185 | DJ114: Luma na po.
P116: KABUUANG HALAGA NG MGA KAGAMITAN AYON SA ULAT NG NAKARAANG TAON …………. | DA116: ₱ | DC116: =SUM(DA90:DI115) -> 72507.303
...

Sheet PAGE 3
A2: Taunang ulat sa Imbentaryo (P-7)
A3: Lokal: | G3: Balayan | AB3: Distrito: | AI3: Batangas | BQ3: Dcode: | BX3: 1009 | CG3: Lcode: | CN3: 3 | DD3: Year: | DJ3: 2024
A5: II-B. Nadagdag na mga kagamitan sa taong ito: (Tiyakin na ang lahat ng kagamitan na nakatala dito ay may pinagtibay na P-10 o P-10-2 at naiulat na sa P-7-E.)
X7: Date | BF7: D E S C R I P T I O N | CV7: Unit | DM7: P10# or
A8: Dako/Kaukulan | P8: IIN | X8: Received | AD8: Qty | AI8: Items | BF8: Brand | BM8: Model | BT8: Make | CA8: Color | CH8: Size | CO8: Serial# | CV8: Price | DC8: Amount | DM8: P10-2#
A9: Kalihiman | P9: 27-0114 | X9: 44941 | AD9: 1 | AI9: Printer /unit | BF9: Brother | BM9: DCP-T720DW | BT9: Metal & Plastic | CA9: Black | CO9: E80726K2H29306 | CV9: 15000 | DC9: 15000 | DM9: 42180
A10: Koro | P10: 01-0013 | X10: 45099 | AD10: 1 | AI10: Speaker (portable) /set | BF10: Kevler | BM10: EON-10A | BT10: Metal&Plastic | CA10: Black&yellow | CH10: 10" | CV10: 8000 | DC10: 8000 | DM10: 49067
A11: Kalihiman | P11: 27-0115 | X11: 45277 | AD11: 1 | AI11: Toshiba Photocopier / unit | BF11: Toshiba | BM11: E-Studio2523A | BT11: Metal&Plastic | CA11: Black & White | CO11: CPHM57624 | CV11: 50000 | DC11: 50000 | DM11: 130
BT21: KABUUANG HALAGA …………. | DC21: ₱ | DE21: =SUM(DC9:DL11) -> 73000 | DU21: =+DE21 -> 73000
DN22: Page 3

Sheet PAGE 4
A2: Taunang ulat ukol sa Imbentaryo (P-7)
A3: Lokal: | G3: Balayan | AG3: Distrito: | AN3: Batangas | BU3: Dcode: | CA3: 1009 | CH3: Lcode: | CN3: 3 | DH3: Year: | DM3: 2024
A5: II-C. Nabawas na mga kagamitan sa taong ito: (Tiyakin na ang lahat ng kagamitan na nakatala dito ay may sulat-kahilingang pinagtibay ng Central at iniulat sa P-7-E.)
CQ7: Dahilan
A8: Dakong Pinagmulan o | AD8: Date | CQ8: (Ipinagbili, Ipinamigay, | DK8: Approved
A9: Gumamit | Q9: IIN | AD9: Received | AJ9: Qty | AO9: Items | BY9: Unit Price | CE9: Amount | CQ9: Itinapon, nawala, iba pa) | DK9: Number
AO10: Wala po.
A33: KABUUANG HALAGA NG NABAWAS SA TAONG ITO …………… | CE33: Wala po.
A34: R E S U M E N
A35: II-A | Q35: Kabuuang Halaga ng mga Kagamitan ayon sa ulat ng nakaraang taon ……………………………………….. | CM35: ₱ | CR35: =+'PAGE 2'!DU396 -> 1606934.9
A36: II-B | Q36: Idagdag: Kabuuang Halaga ng NADAGDAG sa taong ito ……………………………………………………. | CM36: ₱ | CR36: =+'PAGE 3'!DU21 -> 73000
A37: II-C | Q37: Ibawas: Kabuuang Halaga ng NABAWAS sa taong ito ………………………………………………………… | CM37: ₱ | CR37: Wala po
A38: KABUUANG HALAGA NG MGA KAGAMITAN SA TAONG ITO …………. | CM38: ₱ | CR38: =SUM(CR35:CR37) -> 1679934.9 | DU38: =+CR38 -> 1679934.9
DN39: Page 4

Sheet PAGE 5
A2: Taunang Ulat ukol sa Imbentaryo (P-7)
B3: Lokal: | H3: Balayan | AA3: Distrito: | AH3: Batangas | BA3: Year: | BG3: 2024
BA4: Lcode: | BG4: 003 | BN4: 1009
A5: III. UKOL SA LUPA: (Ang itala lamang dito ay ang pag-aaral ng Iglesia)
AE6: Area | AL6: Date | BO6: Pansin
B7: Lupa | F7: Complete Address | AE7: (Sq.mtrs.) | AL7: Acquired | AS7: Halaga | BC7: Gusali na nasa lupa | BO7: (Titulado/Free Patent)
B8: 1 | F8: Calzada,Balayan, Batangas | AE8: 2000 | AL8: 25592 | AS8: 16000 | BC8: Kapilya,Pastoral House, Bahay-Bantay Kapilya,Opisina, Pump House, Guard House
B9: 2
B10: 3
B11: Nadagdag: Lupang nabili sa taong ito:
B13: Nabawas: Lupang ibinawas sa taong ito: (Maglakip ng paliwanag.)
B15: KABUUANG HALAGA NG LUPA SA TAONG ITO ……… | BO15: ₱ | BQ15: 16000 | CA15: =+BQ15 -> 16000
B16: Kung wala pang sariling lupa ang lokal, ano ang lupang kinatatayuan ng kapilya? | AU16: ( | AW16: ) | AX16: hiram | BC16: ( | BE16: ) | BF16: lease
B17: Kanino? | AB17: Ilang taon ang kontrata? | BE17: Halaga:
A18: IV. UKOL SA PANANIM: (Sa "Uri" ay ilagay kung ang pananim ay (a) Nagbubunga (b) Hindi Nagbubunga)
S19: Nakaraan | AE19: Nadagdag | AQ19: Nabawas | BC19: Kabuuan Ngayon
B20: Pangalan ng Pananim | N20: Uri | S20: Blg | Y20: Halaga | AE20: Blg | AK20: Halaga | AQ20: Blg | AW20: Halaga | BC20: Blg | BK20: Halaga
B21: Mangga(Indian) | N21: a | S21: 1 | Y21: 150 | AE21: wala po | AQ21: wala po. | BC21: 1 | BK21: ₱ | BM21: 150
B22: Mangga( Piko) | N22: a | S22: 1 | Y22: 100 | AE22: wala po | AQ22: wala po. | BC22: 1 | BK22: ₱ | BM22: 100
B31: KABUUANG HALAGA NG MGA PANANIM SA TAONG ITO ……… | BK31: ₱ | BM31: =+BM21+BM22 -> 250 | CA31: =+BM31 -> 250
A32: V. UKOL SA SASAKYAN:
B33: A. MGA SASAKYAN NG DISTRITO AYON SA ULAT NG NAKARAANG TAON:
B34: DESCRIPTION | S34: VEHICLE 1 | AE34: VEHICLE 2 | AQ34: VEHICLE 3 | BC34: VEHICLE 4 | BO34: VEHICLE 5
B35: MAKE & TYPE
B36: PLATE NUMBER
B37: YEAR MODEL
B38: DATE PURCHASED
B39: ASSIGNED USER (NAME)
B40: DESIGNATION
B41: HALAGA
B43: KABUUANG HALAGA NG MGA SASAKYAN AYON SA ULAT NG NAKARAANG TAON | BC43: P | BF43: Wala po | CA43: 0
B45: B. NADAGDAG SA TAONG ITO: | AN45: C. NABAWAS SA TAONG ITO:
B46: DESCRIPTION | AN46: DESCRIPTION
B47: MAKE & TYPE | AN47: MAKE & TYPE
B48: PLATE NUMBER | AN48: PLATE NUMBER
B49: YEAR MODEL | AN49: YEAR MODEL
B50: DATE PURCHASED | AN50: DATE PURCHASED
B51: ASSIGNED USER (NAME) | AN51: ASSIGNED USER (NAME)
B52: DESIGNATION | AN52: DESIGNATION
B53: SAAN GALING | AN53: SAAN GALING
B54: HALAGA NG NADAGDAG | AN54: HALAGA NG NABAWAS
B56: KABUUANG HALAGA NG MGA SASAKYAN SA TAONG ITO (A+B-C) | BC56: Wala po
BT57: Page 5

Sheet PAGE 6
A2: Taunang Ulat ukol sa Imbentaryo (P-7)
A3: Lokal: | G3: Balayan | AA3: Distrito: | AH3: Batangas | BA3: Dcode: | BG3: 1009 | BN3: Lcode: | BT3: 3
A7: R E S U M E N
A9: 1. | D9: MGA GUSALI:
F10: A. KAPILYA | AP10: ₱ | AS10: =+'PAGE 1'!CA21 -> 1897535.5
F11: B. PASTORAL & RES. HOUSES | AP11: ₱ | AS11: =+'PAGE 1'!CA32 -> 288611.12
F12: C. OPISINA | AP12: ₱ | AS12: =+'PAGE 1'!CA39 -> 125874.82
F13: D. IBA PANG MGA GUSALI | AP13: ₱ | AS13: =+'PAGE 1'!CA46 -> 126272.49
D14: KABUUANG HALAGA NG MGA GUSALI | BI14: ₱ | BL14: =+'PAGE 1'!CA48 -> 2438293.9
A15: 2. | D15: KABUUANG HALAGA NG MGA KAGAMITAN | BI15: ₱ | BL15: =+'PAGE 4'!DU38 -> 1679934.9
A16: 3. | D16: KABUUANG HALAGA NG MGA LUPA | BI16: ₱ | BL16: =+'PAGE 5'!CA15 -> 16000
A17: 4. | D17: KABUUANG HALAGA NG MGA PANANIM | BI17: ₱ | BL17: =+'PAGE 5'!CA31 -> 250
A18: 5. | D18: KABUUANG HALAGA NG MGA SASAKYAN | BI18: ₱ | BL18: =+'PAGE 5'!CA43 -> 0
D19: KABUUANG HALAGA NG MGA ARI-ARIAN SA TAONG ITO | BI19: ₱ | BL19: =SUM(BL14:BZ18) -> 4134478.9
A23: MGA NAGPAPATOTOO
F25: Pinatutunayan namin na ang mga nakatala sa ulat na ito ay pawang totoo at pawang pag-aari ng
A26: Iglesia sa aming lokal. Nagsagawa kami ng kaukulang "ocular inspection/actual inventory" at natiyak namin
A27: na ang lahat ng mga ari-arian ng Iglesia sa aming lokal ay nakatala dito sa Imbentaryo.
A29: Edelberta U. Villadolid | AA29: Daisy A. Sismundo | BA29: Celestino L. Barrion
A30: Auditor ng Lupon | AA30: Auditor ng Lokal | BA30: Katiwala sa P-7
A31: Carmi C. Pesigan | AA31: Evangeline A. Apolinar | BA31: Radison a. Chavez
A32: Ingat-Yaman ng Lupon | AA32: Ingat-Yaman ng Lokal | BA32: Auditor ng Distrito
A33: Elsie A. Guico | AA33: Genaro B. Layug | BA33: Carlos G. Evangelista, III
A34: Pangulo ng Lupon | AA34: PD-Tagasubaybay | BA34: Ingat-Yaman ng Distrito
A35: Dionisio B. Salazar | AA35: Romeo M. Villaflor Jr. | BA35: Pedro F. Castillo
A36: Obispo/Pangulong Diakono | AA36: Destinado/Pastor ng Lokal | BA36: Tagapangasiwa ng Distrito
A37: Nota: Isulat muna ng palimbag (print) ang pangalan bago lagdaan.
A38: DCG/ludy_cab@P7.2019
BT39: Page 6
